date,open,high,low,close,volume,sma_30
2020-10-22,12780.75,13185.0,12678.08,12968.52,70038.824144,11134.694666666666
2020-10-23,12968.84,13027.69,12720.08,12923.07,50386.999841,11224.081666666665
2020-10-24,12923.06,13166.73,12870.0,13111.73,35952.20907,11303.262
2020-10-25,13111.73,13350.0,12888.0,13028.83,38481.579504,11381.333999999999
2020-10-26,13029.64,13238.81,12765.0,13052.19,60951.672986,11458.787
2020-10-27,13052.15,13789.29,13019.87,13636.17,80796.553996,11554.184333333335
2020-10-28,13636.16,13859.48,12888.0,13266.4,94440.561226,11639.860333333334
2020-10-29,13266.4,13642.91,12920.77,13455.7,74872.602132,11727.034333333333
2020-10-30,13455.69,13669.98,13115.0,13560.1,70657.778881,11819.818
2020-10-31,13560.1,14100.0,13411.5,13791.0,67339.238515,11925.546999999999
2020-11-01,13791.0,13895.0,13603.0,13761.5,36285.648526,12031.916999999998
2020-11-02,13761.49,13830.0,13195.05,13549.37,64566.421908,12132.160666666665
2020-11-03,13549.63,14066.11,13284.99,14023.53,74115.630787,12244.057333333332
2020-11-04,14023.53,14259.0,13525.0,14144.01,93016.988262,12355.784000000001
2020-11-05,14144.01,15750.0,14093.56,15590.02,143741.522673,12522.129333333334
2020-11-06,15590.02,15960.0,15166.0,15579.92,122618.197695,12685.913666666667
2020-11-07,15579.93,15753.52,14344.22,14818.3,101431.206553,12815.671333333334
2020-11-08,14818.3,15650.0,14703.88,15475.1,65547.178574,12963.153333333332
2020-11-09,15475.1,15840.0,14805.54,15328.41,108976.334134,13097.659666666668
2020-11-10,15328.41,15460.0,15072.46,15297.21,61681.919606,13228.599333333334
2020-11-11,15297.21,15965.0,15272.68,15684.24,78469.746458,13367.132333333335
2020-11-12,15684.25,16340.7,15440.64,16291.86,102196.356592,13529.509
2020-11-13,16291.85,16480.0,15952.35,16320.7,75691.881014,13692.936
2020-11-14,16320.04,16326.99,15670.0,16070.45,59116.347179,13845.113666666668
2020-11-15,16069.56,16180.0,15774.72,15957.0,43596.841513,13999.703000000001
2020-11-16,15957.0,16880.0,15864.0,16713.57,81300.675924,14178.148666666666
2020-11-17,16713.08,17858.82,16538.0,17659.38,115221.403102,14383.356666666665
2020-11-18,17659.38,18476.93,17214.45,17776.12,149019.788134,14584.178333333333
2020-11-19,17777.75,18179.8,17335.65,17802.82,93009.561008,14780.606
2020-11-20,17802.81,18815.22,17740.04,18655.67,88423.018489,14976.429666666667
2020-11-21,18655.66,18965.9,18308.58,18703.8,75577.458394,15167.605666666668
2020-11-22,18703.8,18750.0,17610.86,18414.43,81645.737778,15350.651000000002
2020-11-23,18413.88,18766.0,18000.0,18368.0,82961.506093,15525.859999999999
2020-11-24,18368.01,19418.97,18018.0,19160.01,113581.509241,15730.232666666669
2020-11-25,19160.0,19484.21,18500.27,18719.11,93266.576887,15919.130000000001
2020-11-26,18718.83,18915.03,16188.0,17149.47,181005.246693,16036.239999999998
2020-11-27,17149.47,17457.62,16438.08,17139.52,85297.024787,16165.344000000001
2020-11-28,17139.53,17880.49,16865.56,17719.85,64910.69997,16307.482333333332
2020-11-29,17719.84,18360.05,17517.0,18184.99,55329.016303,16461.645333333334
2020-11-30,18185.0,19863.16,18184.99,19695.87,115463.466888,16658.474333333335
2020-12-01,19695.87,19888.0,18001.12,18764.96,127698.762652,16825.256333333335
2020-12-02,18764.96,19342.0,18330.0,19204.09,75911.013478,17013.747
2020-12-03,19204.08,19598.0,18867.2,19421.9,66689.391279,17193.692666666666
2020-12-04,19422.34,19527.0,18565.31,18650.52,71283.6682,17343.909666666666
2020-12-05,18650.51,19177.0,18500.0,19147.66,42922.748573,17462.497666666666
2020-12-06,19147.66,19420.0,18857.0,19359.4,37043.091861,17588.480333333333
2020-12-07,19358.67,19420.91,18902.88,19166.9,41372.296293,17733.433666666668
2020-12-08,19166.9,19294.84,18200.0,18324.11,61626.947614,17828.40066666667
2020-12-09,18324.11,18639.57,17650.0,18541.28,79585.553801,17935.496333333333
2020-12-10,18541.29,18557.32,17911.12,18254.63,52890.675094,18034.077
2020-12-11,18254.81,18292.73,17572.33,18036.53,72610.724259,18112.48666666667
2020-12-12,18036.53,18948.66,18020.7,18808.69,49519.978432,18196.381
2020-12-13,18808.69,19411.0,18711.12,19174.99,56560.821744,18291.523999999998
2020-12-14,19174.99,19349.0,19000.0,19273.14,47257.201294,18398.280333333336
2020-12-15,19273.69,19570.0,19050.0,19426.43,61834.366011,18513.928000000004
2020-12-16,19426.43,21560.0,19278.6,21335.52,114306.33557,18667.993
2020-12-17,21335.52,23800.0,21230.0,22797.16,184882.476748,18839.25233333333
2020-12-18,22797.15,23285.18,22350.0,23107.39,79646.134315,19016.961333333333
2020-12-19,23107.39,24171.47,22750.0,23821.61,86045.064677,19217.587666666666
2020-12-20,23821.6,24295.0,23060.0,23455.52,76690.145685,19377.582666666665
2020-12-21,23455.54,24102.77,21815.0,22719.71,88030.297243,19511.446333333333
2020-12-22,22719.88,23837.1,22353.4,23810.79,87033.12616,19691.325
2020-12-23,23810.79,24100.0,22600.0,23232.76,119047.259733,19853.483666666667
2020-12-24,23232.39,23794.43,22703.42,23729.2,69013.834252,20005.789999999997
2020-12-25,23728.99,24789.86,23433.6,24712.47,79519.943569,20205.56866666667
2020-12-26,24712.47,26867.03,24500.0,26493.39,97806.513386,20517.032666666666
2020-12-27,26493.4,28422.0,25700.0,26281.66,148455.586214,20821.770666666667
2020-12-28,26281.54,27500.0,26101.0,27079.41,79721.742496,21133.756
2020-12-29,27079.42,27410.0,25880.0,27385.0,69411.592606,21440.423000000003
2020-12-30,27385.0,28996.0,27320.0,28875.54,95356.057826,21746.412000000004
2020-12-31,28875.55,29300.0,27850.0,28923.63,75508.505152,22085.03433333333
2021-01-01,28923.63,29600.0,28624.57,29331.69,54182.925011,22422.621
2021-01-02,29331.7,33300.0,28946.53,32178.33,129993.873362,22847.835333333333
2021-01-03,32176.45,34778.11,31962.99,33000.05,120957.56675,23326.153
2021-01-04,33000.05,33600.0,28130.0,31988.71,140899.88569,23754.188000000002
2021-01-05,31989.75,34360.0,29900.0,33949.53,116049.997038,24240.52566666667
2021-01-06,33949.53,36939.21,33288.0,36769.36,127139.20131,24827.27433333333
2021-01-07,36769.36,40365.0,36300.0,39432.28,132825.700437,25530.88
2021-01-08,39432.48,41950.0,36500.0,40582.81,139789.957499,26265.597666666665
2021-01-09,40586.96,41380.0,38720.0,40088.22,75785.979675,26993.384000000002
2021-01-10,40088.22,41350.0,35111.11,38150.02,118209.544503,27663.833666666662
2021-01-11,38150.02,38264.74,30420.0,35404.47,249131.539943,28217.026333333335
2021-01-12,35410.37,36628.0,32531.0,34051.24,133948.151996,28712.901333333335
2021-01-13,34049.15,37850.0,32380.0,37371.38,124477.914938,29316.176
2021-01-14,37371.38,40100.0,36701.23,39144.5,102950.389421,29973.445
2021-01-15,39145.21,39747.76,34408.0,36742.22,118300.920916,30487.001666666667
2021-01-16,36737.43,37950.0,35357.8,35994.98,86348.431508,30926.929
2021-01-17,35994.98,36852.5,33850.0,35828.61,80157.727384,31350.969666666664
2021-01-18,35824.99,37469.83,34800.0,36631.27,70698.11875,31777.958333333332
2021-01-19,36622.46,37850.0,35844.06,35891.49,79611.307769,32192.490666666665
2021-01-20,35901.94,36415.31,33400.0,35468.23,89368.422918,32617.441333333332
2021-01-21,35468.23,35600.0,30071.0,30850.13,131803.182926,32852.085999999996
2021-01-22,30851.99,33826.53,28850.0,32945.17,142971.684049,33175.833
2021-01-23,32950.0,33456.0,31390.16,32078.0,64595.287675,33454.12633333333
2021-01-24,32078.0,33071.0,30900.0,32259.9,57978.037966,33705.70733333334
2021-01-25,32259.45,34875.0,31910.0,32254.2,88499.226921,33897.734333333334
2021-01-26,32254.19,32921.88,30837.37,32467.77,84972.20691,34103.938
2021-01-27,32464.01,32557.29,29241.72,30366.15,95911.961711,34213.496
2021-01-28,30362.19,33783.98,29842.1,33364.86,92621.145617,34412.82466666667
2021-01-29,33368.18,38531.9,31915.4,34252.2,231827.005626,34592.04666666666
2021-01-30,34246.28,34933.0,32825.0,34262.88,84889.68134,34770.02166666667
2021-01-31,34262.89,34342.69,32171.67,33092.98,68742.280384,34895.398
2021-02-01,33092.97,34717.27,32296.16,33526.37,82718.276882,34940.33266666667
2021-02-02,33517.09,35984.33,33418.0,35466.24,78056.65988,35022.539
2021-02-03,35472.71,37662.63,35362.38,37618.87,80784.333663,35210.211
2021-02-04,37620.26,38708.27,36161.95,36936.66,92080.735898,35309.782
2021-02-05,36936.65,38310.12,36570.0,38290.24,66681.334275,35360.478
2021-02-06,38289.32,40955.51,38215.94,39186.94,98757.311183,35352.3
2021-02-07,39181.01,39700.0,37351.0,38795.69,84363.679763,35292.72933333334
2021-02-08,38795.69,46794.45,37988.89,46374.87,138597.536914,35502.28433333334
2021-02-09,46374.86,48142.19,44961.09,46420.42,115499.861712,35777.96433333334
2021-02-10,46420.42,47310.0,43727.0,44807.58,97154.1822,36091.401333333335
2021-02-11,44807.58,48678.9,43994.02,47969.51,89561.081454,36555.34366666667
2021-02-12,47968.66,48985.8,46125.0,47287.6,85870.035697,36885.884333333335
2021-02-13,47298.15,48150.0,46202.53,47153.69,63768.097399,37152.85733333334
2021-02-14,47156.78,49707.43,47014.17,48577.79,73735.475533,37547.37633333333
2021-02-15,48580.47,49010.92,45570.79,47911.1,79398.156784,37944.58033333333
2021-02-16,47911.1,50689.18,47003.62,49133.45,88813.266298,38388.075
2021-02-17,49133.45,52618.74,48947.0,52119.71,85743.637818,38904.35633333333
2021-02-18,52117.67,52530.0,50901.9,51552.6,60758.046954,39426.39333333333
2021-02-19,51552.61,56368.0,50710.2,55906.0,79659.77802,40107.65233333334
2021-02-20,55906.0,57700.46,53863.93,55841.19,80948.205314,40940.687666666665
2021-02-21,55841.19,58352.8,55477.59,57408.57,58166.708511,41756.134333333335
2021-02-22,57412.35,57508.47,47622.0,54087.67,134019.434944,42489.79
2021-02-23,54087.67,54183.59,44892.56,48891.0,169375.025051,43044.16
2021-02-24,48891.0,51374.99,46988.69,49676.2,91881.209252,43624.893333333326
2021-02-25,49676.21,52041.73,46674.34,47073.73,83310.673121,44111.75866666667
2021-02-26,47073.73,48424.11,44106.78,46276.87,109423.200663,44642.116
2021-02-27,46276.88,48394.0,45000.0,46106.43,66060.834292,45066.835
2021-02-28,46103.67,46638.46,43000.0,45135.66,83055.369042,45429.617
2021-03-01,45134.11,49790.0,44950.53,49587.03,85086.111648,45940.422000000006
2021-03-02,49595.76,50200.0,47047.6,48440.65,64221.06214,46452.011000000006
2021-03-03,48436.61,52640.0,48100.71,50349.37,81035.913705,47012.77766666666
2021-03-04,50349.37,51773.88,47500.0,48374.09,82649.716829,47443.039333333334
2021-03-05,48374.09,49448.93,46300.0,48751.71,78192.496372,47814.134
2021-03-06,48746.81,49200.0,47070.0,48882.2,44399.234242,48212.31866666666
2021-03-07,48882.2,51450.03,48882.2,50971.75,55235.028032,48635.03566666666
2021-03-08,50959.11,52402.78,49274.67,52375.17,66987.359664,49074.64333333333
2021-03-09,52375.18,54895.0,51789.41,54884.5,71656.737076,49610.937000000005
2021-03-10,54874.67,57387.69,53005.0,55851.59,84749.238943,49926.827666666664
2021-03-11,55851.59,58150.0,54272.82,57773.16,81914.812859,50305.25233333334
2021-03-12,57773.15,58081.51,54962.84,57221.72,73405.406047,50719.057
2021-03-13,57221.72,61844.0,56078.23,61188.39,83245.091346,51159.68633333333
2021-03-14,61188.38,61724.79,58966.78,58968.31,52601.05275,51549.043333333335
2021-03-15,58976.08,60633.43,54600.0,55605.2,102771.427298,51830.760333333325
2021-03-16,55605.2,56938.29,53271.34,56900.75,77986.694355,52108.19233333333
2021-03-17,56900.74,58974.73,54123.69,58912.97,70421.620841,52474.92133333333
2021-03-18,58912.97,60129.97,57023.0,57648.16,66580.406675,52758.745
2021-03-19,57641.0,59468.0,56270.74,58030.01,52392.652961,52955.755000000005
2021-03-20,58030.01,59880.0,57820.17,58102.28,44476.941776,53174.07766666667
2021-03-21,58100.02,58589.1,55450.11,57351.56,48564.470274,53222.263
2021-03-22,57351.56,58430.73,53650.0,54083.25,62581.626169,53163.665
2021-03-23,54083.25,55830.9,53000.0,54340.89,59789.365427,53061.409
2021-03-24,54342.8,57200.0,51700.0,52303.65,83537.465021,53001.941666666666
2021-03-25,52303.66,53287.0,50427.56,51293.78,87400.534538,53082.03433333334
2021-03-26,51293.78,55073.46,51214.6,55025.59,63813.774692,53260.34733333334
2021-03-27,55025.59,56700.36,53950.0,55817.14,50105.475055,53551.79433333334
2021-03-28,55817.14,56559.75,54691.84,55777.63,39050.387511,53868.486333333334
2021-03-29,55777.65,58405.82,54800.01,57635.47,67857.937398,54252.78766666667
2021-03-30,57635.46,59368.0,57071.35,58746.57,55122.443122,54706.48466666666
2021-03-31,58746.57,59800.0,56769.0,58740.55,60975.542666,55011.60199999999
2021-04-01,58739.46,59490.0,57935.45,58720.44,47415.61722,55354.26166666667
2021-04-02,58720.45,60200.0,58428.57,58950.01,47382.418781,55640.94966666667
2021-04-03,58950.01,59791.72,56880.0,57051.94,47409.852113,55930.21133333333
2021-04-04,57051.95,58492.85,56388.0,58202.01,41314.081973,56245.221333333335
2021-04-05,58202.01,59272.0,56777.77,59129.99,54258.01579,56586.814333333336
2021-04-06,59129.99,59495.24,57413.02,57991.15,54201.000727,56820.79433333334
2021-04-07,57990.03,58655.0,55473.0,55953.45,71228.405659,56940.07033333333
2021-04-08,55953.44,58153.31,55700.0,58077.52,44283.147019,57046.50433333333
2021-04-09,58077.52,58894.9,57654.0,58142.54,40831.884911,57122.869333333336
2021-04-10,58142.55,61500.0,57900.01,59769.13,69906.424117,57189.401666666665
2021-04-11,59769.13,60699.0,59232.52,60002.43,41156.715391,57282.092
2021-04-12,59998.8,61300.0,59350.59,59860.0,56375.037117,57237.812333333335
2021-04-13,59860.01,63777.77,59805.15,63575.0,82848.688746,57391.36866666667
2021-04-14,63575.01,64854.0,61301.0,62959.53,82616.343993,57636.513000000006
2021-04-15,62959.53,63800.0,62020.0,63159.98,51649.70034,57845.154
2021-04-16,63158.74,63520.61,60000.0,61334.8,91764.139884,57925.881666666675
2021-04-17,61334.81,62506.05,59580.91,60006.66,58912.256128,58004.49833333333
2021-04-18,60006.67,60499.0,50931.3,56150.01,124882.131824,57941.831666666665
2021-04-19,56150.01,57526.81,54221.58,55633.14,78229.042267,57859.526999999995
2021-04-20,55633.14,57076.24,53329.96,56425.0,72744.482151,57828.64166666667
2021-04-21,56425.0,56757.91,53536.02,53787.63,66984.756909,57818.78766666667
2021-04-22,53787.62,55521.48,50500.0,51690.96,104656.631337,57730.456666666665
2021-04-23,51690.95,52131.85,47500.0,51125.14,132230.780719,57691.172999999995
2021-04-24,51110.56,51166.22,48657.14,50047.84,55361.512573,57649.64166666667
2021-04-25,50047.84,50567.91,46930.0,49066.77,58255.645004,57451.01433333333
2021-04-26,49066.76,54356.62,48753.44,54001.39,86310.802124,57390.48933333333
2021-04-27,54001.38,55460.0,53222.0,55011.97,54064.034675,57364.967333333334
2021-04-28,55011.97,56428.0,53813.16,54846.22,55130.459015,57271.992333333335
2021-04-29,54846.23,55195.84,52330.94,53555.0,52486.019455,57098.94000000001
2021-04-30,53555.0,57963.0,53013.01,57694.27,68578.910045,57064.064000000006
2021-05-01,57697.25,58458.07,56956.14,57800.37,42600.351836,57033.395
2021-05-02,57797.35,57911.02,56035.25,56578.21,36812.878863,56954.335
2021-05-03,56578.21,58981.44,56435.0,57169.39,57649.931286,56958.25
2021-05-04,57169.39,57200.0,53046.69,53200.01,85324.625903,56791.51666666667
2021-05-05,53205.05,58069.82,52900.0,57436.11,77263.923439,56735.054
2021-05-06,57436.11,58360.0,55200.0,56393.68,70181.671908,56681.805
2021-05-07,56393.68,58650.0,55241.63,57314.75,74542.747829,56727.18166666667
2021-05-08,57315.49,59500.0,56900.0,58862.05,69709.906028,56753.33266666667
2021-05-09,58866.53,59300.0,56235.66,58240.84,69806.11991,56756.609333333334
2021-05-10,58240.83,59500.0,53400.0,55816.14,89586.34925,56624.84299999999
2021-05-11,55816.14,56862.43,54370.0,56670.02,64329.54055,56513.76266666666
2021-05-12,56670.02,58000.01,48600.0,49631.32,99842.789836,56172.806666666664
2021-05-13,49537.15,51367.19,46000.0,49670.97,147332.002121,55709.339
2021-05-14,49671.92,51483.0,48799.75,49841.45,80082.204306,55272.06966666666
2021-05-15,49844.16,50700.0,46555.0,46762.99,89437.449359,54725.50333333333
2021-05-16,46762.99,49795.89,43825.39,46431.5,114269.812775,54228.72666666666
2021-05-17,46426.83,46686.0,42001.0,43538.04,166657.172736,53679.772666666664
2021-05-18,43538.02,45799.29,42250.02,42849.78,116979.860784,53236.431666666664
2021-05-19,42849.78,43584.9,30000.0,36690.09,354347.243161,52604.99666666667
2021-05-20,36671.23,42451.67,34850.0,40526.64,203017.596923,52075.05133333334
2021-05-21,40525.39,42200.0,33488.0,37252.01,202100.888258,51523.863999999994
2021-05-22,37263.35,38829.0,35200.62,37449.73,126542.243689,51049.15633333333
2021-05-23,37458.51,38270.64,31111.01,34655.25,217136.046593,50500.16
2021-05-24,34681.44,39920.0,34031.0,38796.29,161630.893971,50125.10833333333
2021-05-25,38810.99,39791.77,36419.62,38324.72,111996.228404,49767.04
2021-05-26,38324.72,40841.0,37800.44,39241.91,104780.773396,49275.05733333334
2021-05-27,39241.92,40411.14,37134.27,38529.98,86547.158794,48725.657666666666
2021-05-28,38529.99,38877.83,34684.0,35663.49,135377.62972,48086.23333333333
2021-05-29,35661.79,37338.58,33632.76,34605.15,112663.092689,47454.57166666666
2021-05-30,34605.15,36488.0,33379.0,35641.27,73535.386967,46719.471666666665
2021-05-31,35641.26,37499.0,34153.84,37253.81,94160.735289,46034.58633333333
2021-06-01,37253.82,37894.81,35666.0,36693.09,81234.66377,45371.748999999996
2021-06-02,36694.85,38225.0,35920.0,37568.68,67587.372495,44718.392
2021-06-03,37568.68,39476.0,37170.0,39246.79,75889.106011,44253.28466666666
2021-06-04,39246.78,39289.07,35555.15,36829.0,91317.799245,43566.381
2021-06-05,36829.15,37925.0,34800.0,35513.2,70459.62149,42870.365000000005
2021-06-06,35516.07,36480.0,35222.0,35796.31,47650.206637,42153.083666666666
2021-06-07,35796.31,36900.0,33300.0,33552.79,77574.952573,41309.441666666666
2021-06-08,33556.96,34068.01,31000.0,33380.81,123251.189037,40480.774
2021-06-09,33380.8,37534.79,32396.82,37388.05,136607.597517,39866.50433333334
2021-06-10,37388.05,38491.0,35782.0,36675.72,109527.284943,39200.02766666667
2021-06-11,36677.83,37680.4,35936.77,37331.98,78466.0053,38790.049666666666
2021-06-12,37331.98,37463.63,34600.36,35546.11,87717.54999,38319.221000000005
2021-06-13,35546.12,39380.0,34757.0,39020.57,86921.025555,37958.525
2021-06-14,39020.56,41064.05,38730.0,40516.29,108522.391949,37750.301666666666
2021-06-15,40516.28,41330.0,39506.4,40144.04,80679.622838,37540.71966666667
2021-06-16,40143.8,40527.14,38116.01,38349.01,87771.976937,37367.752
2021-06-17,38349.0,39559.88,37365.0,38092.97,79541.307119,37209.191666666666
2021-06-18,38092.97,38202.84,35129.29,35819.84,95228.042935,37180.183333333334
2021-06-19,35820.48,36457.0,34803.52,35483.72,68712.449461,37012.086
2021-06-20,35483.72,36137.72,33336.0,35600.16,89878.17085,36957.024333333335
2021-06-21,35600.17,35750.0,31251.23,31608.93,168778.873159,36762.331000000006
2021-06-22,31614.12,33298.78,28805.0,32509.56,204208.179762,36690.808
2021-06-23,32509.56,34881.0,31683.0,33678.07,126966.100563,36520.200666666664
2021-06-24,33675.07,35298.0,32286.57,34663.09,86625.80426,36398.14633333334
2021-06-25,34663.08,35500.0,31275.0,31584.45,116061.130356,36142.897666666664
2021-06-26,31576.09,32730.0,30151.0,32283.65,107820.375287,35934.68666666667
2021-06-27,32283.65,34749.0,31973.45,34700.34,96613.244211,35902.581666666665
2021-06-28,34702.49,35297.71,33862.72,34494.89,82222.267819,35898.90633333333
2021-06-29,34494.89,36600.0,34225.43,35911.73,90788.79622,35907.92166666666
2021-06-30,35911.72,36100.0,34017.55,35045.0,77152.197634,35834.29466666667
2021-07-01,35045.0,35057.57,32711.0,33504.69,71708.266112,35728.01466666666
2021-07-02,33502.33,33977.04,32699.0,33786.55,56172.181378,35601.943666666666
2021-07-03,33786.54,34945.61,33316.73,34669.13,43044.578641,35449.354999999996
2021-07-04,34669.12,35967.85,34357.15,35286.51,43703.475789,35397.93866666666
2021-07-05,35288.13,35293.78,33125.55,33690.14,64123.874245,35337.170000000006
2021-07-06,33690.15,35118.88,33532.0,34220.01,58210.596349,35284.62666666667
2021-07-07,34220.02,35059.09,33777.77,33862.12,53807.521675,35294.937666666665
2021-07-08,33862.11,33929.64,32077.0,32875.71,70136.48032,35278.101
2021-07-09,32875.71,34100.0,32261.07,33815.81,47153.939899,35159.026333333335
2021-07-10,33815.81,34262.0,33004.78,33502.87,34761.175468,35053.26466666666
2021-07-11,33502.87,34666.0,33306.47,34258.99,31572.647448,34950.83166666667
2021-07-12,34259.0,34678.43,32658.34,33086.63,48181.403762,34868.849
2021-07-13,33086.94,33340.0,32202.25,32729.77,41126.361008,34659.155666666666
2021-07-14,32729.12,33114.03,31550.0,32820.02,46777.823484,34402.613333333335
2021-07-15,32820.03,33185.25,31133.0,31880.0,51639.576353,34127.145333333334
2021-07-16,31874.49,32249.18,31020.0,31383.87,48499.864154,33894.974
2021-07-17,31383.86,31955.92,31164.31,31520.07,34012.242132,33675.87733333334
2021-07-18,31520.07,32435.0,31108.97,31778.56,35923.716186,33541.168
2021-07-19,31778.57,31899.0,30407.44,30839.65,47340.468499,33386.365666666665
2021-07-20,30839.65,31063.07,29278.0,29790.35,61034.049017,33192.70533333333
2021-07-21,29790.34,32858.0,29482.61,32144.51,82796.265128,33210.558
2021-07-22,32144.51,32591.35,31708.0,32287.83,46148.092433,33203.167
2021-07-23,32287.58,33650.0,31924.32,33634.09,50112.863626,33201.701
2021-07-24,33634.1,34500.0,33401.14,34258.14,47977.550138,33188.20266666667
2021-07-25,34261.51,35398.0,33851.12,35381.02,47852.928313,33314.755
2021-07-26,35381.02,40550.0,35205.78,37237.6,152452.512724,33479.88666666667
2021-07-27,37241.33,39542.61,36383.0,39457.87,88397.267015,33638.471
2021-07-28,39456.61,40900.0,38772.0,40019.56,101344.528441,33822.62666666666
2021-07-29,40019.57,40640.0,39200.0,40016.48,53998.439283,33959.45166666667
2021-07-30,40018.49,42316.71,38313.23,42206.37,73602.784805,34198.164
2021-07-31,42206.36,42448.0,41000.15,41461.83,44849.791012,34463.402
2021-08-01,41461.84,42599.0,39422.01,39845.44,53953.186326,34665.365
2021-08-02,39850.27,40480.01,38690.0,39147.82,50837.351954,34814.65466666667
2021-08-03,39146.86,39780.0,37642.03,38207.05,57117.435853,34912.006
2021-08-04,38207.04,39969.66,37508.56,39723.18,52329.35243,35113.10733333333
2021-08-05,39723.17,41350.0,37332.7,40862.46,84343.755621,35334.522333333334
2021-08-06,40862.46,43392.43,39853.86,42836.87,75753.941347,35633.68066666667
2021-08-07,42836.87,44700.0,42446.41,44572.54,73396.740808,36023.575
2021-08-08,44572.54,45310.0,43261.0,43794.37,69329.092698,36356.193666666666
2021-08-09,43794.36,46454.15,42779.0,46253.4,74587.884845,36781.21133333333
2021-08-10,46248.87,46700.0,44589.46,45584.99,53814.643421,37158.74466666667
2021-08-11,45585.0,46743.47,45341.14,45511.0,52734.901977,37572.89033333333
2021-08-12,45510.67,46218.12,43770.0,44399.0,55266.108781,37961.86466666667
2021-08-13,44400.06,47886.0,44217.39,47800.0,48239.370431,38461.19733333333
2021-08-14,47799.99,48144.0,45971.03,47068.51,46114.359022,38967.481
2021-08-15,47068.5,47372.27,45500.0,46973.82,42110.711334,39487.146
2021-08-16,46973.82,48053.83,45660.0,45901.29,52480.574014,39966.520000000004
2021-08-17,45901.3,47160.0,44376.0,44695.95,57039.341629,40397.09966666667
2021-08-18,44695.95,46000.0,44203.28,44705.29,54099.415985,40859.28766666667
2021-08-19,44699.37,47033.0,43927.7,46760.62,53411.75392,41424.96333333333
2021-08-20,46760.62,49382.99,46622.99,49322.47,56850.352228,41997.562
2021-08-21,49322.47,49757.04,48222.0,48821.87,46745.136584,42548.69666666667
2021-08-22,48821.88,49500.0,48050.0,49239.22,37007.887795,43068.867666666665
2021-08-23,49239.22,50500.0,49029.0,49488.85,52462.541954,43576.558
2021-08-24,49488.85,49860.0,47600.0,47674.01,51014.594748,43986.32433333333
2021-08-25,47674.01,49264.3,47126.28,48973.32,44655.830342,44377.515
2021-08-26,48973.32,49352.84,46250.0,46843.87,49371.277774,44623.715000000004
2021-08-27,46843.86,49149.93,46348.0,49069.9,42068.104965,44925.393000000004
2021-08-28,49069.9,49299.0,48346.88,48895.35,26681.063786,45221.35533333334
2021-08-29,48895.35,49632.27,47762.54,48767.83,32652.283473,45440.07066666666
2021-08-30,48767.84,48888.61,46853.0,46982.91,40288.35083,45624.106666666674
2021-08-31,46982.91,48246.11,46700.0,47100.89,48645.52737,45865.954999999994
2021-09-01,47100.89,49156.0,46512.0,48810.52,49904.65528,46188.045000000006
2021-09-02,48810.51,50450.13,48584.06,49246.64,54410.770538,46556.03133333333
2021-09-03,49246.63,51000.0,48316.84,49999.14,59025.644157,46898.56333333334
2021-09-04,49998.0,50535.69,49370.0,49915.64,34664.65959,47200.335999999996
2021-09-05,49917.54,51900.0,49450.0,51756.88,40544.835873,47497.66966666667
2021-09-06,51756.88,52780.0,50969.33,52663.9,49249.667081,47767.38166666667
2021-09-07,52666.2,52920.0,42843.05,46863.73,123048.802719,47869.69366666666
2021-09-08,46868.57,47340.99,44412.02,46048.31,65069.3152,47862.85733333333
2021-09-09,46048.31,47399.97,45513.08,46395.14,50651.66002,47889.86233333334
2021-09-10,46395.14,47033.0,44132.29,44850.91,49048.26618,47867.859333333334
2021-09-11,44842.2,45987.93,44722.22,45173.69,30440.4081,47893.68233333333
2021-09-12,45173.68,46460.0,44742.06,46025.24,32094.28052,47834.52366666667
2021-09-13,46025.23,46880.0,43370.0,44940.73,65429.15056,47763.59766666666
2021-09-14,44940.72,47250.0,44594.44,47111.52,44855.85099,47768.187666666665
2021-09-15,47103.28,48500.0,46682.32,48121.41,43204.71174,47842.191666666666
2021-09-16,48121.4,48557.0,47021.1,47737.82,40725.08895,47943.58733333333
2021-09-17,47737.81,48150.0,46699.56,47299.98,34461.92776,48030.077
2021-09-18,47299.98,48843.2,47035.56,48292.74,30906.47038,48081.147666666664
2021-09-19,48292.75,48372.83,46829.18,47241.75,29847.24349,48011.79033333333
2021-09-20,47241.75,47347.25,42500.0,43015.62,78003.524443,47818.24866666667
2021-09-21,43016.64,43639.0,39600.0,40734.38,84534.080485,47534.75399999999
2021-09-22,40734.09,44000.55,40565.39,43543.61,58349.05542,47336.579333333335
2021-09-23,43546.37,44978.0,43069.09,44865.26,48699.57655,47242.954333333335
2021-09-24,44865.26,45200.0,40675.0,42810.57,84113.426292,47037.52933333334
2021-09-25,42810.58,42966.84,41646.28,42670.64,33594.57189,46898.42166666666
2021-09-26,42670.63,43950.0,40750.0,43160.9,49879.99765,46701.454999999994
2021-09-27,43160.9,44350.0,42098.0,42147.35,39776.84383,46476.52166666666
2021-09-28,42147.35,42787.38,40888.0,41026.54,43372.2624,46218.47866666667
2021-09-29,41025.01,42590.0,40753.88,41524.28,33511.53487,46036.524333333335
2021-09-30,41524.29,44141.37,41410.17,43824.1,46381.22781,45927.297999999995
2021-10-01,43820.01,48495.0,43283.03,48141.61,66244.87492,45905.001000000004
2021-10-02,48141.6,48336.59,47430.18,47634.9,30508.98131,45851.276333333335
2021-10-03,47634.89,49228.08,47088.0,48200.01,30825.05601,45791.30533333333
2021-10-04,48200.01,49536.12,46891.0,49224.94,46796.49372,45768.28200000001
2021-10-05,49224.93,51886.3,49022.4,51471.99,52125.66793,45758.78566666667
2021-10-06,51471.99,55750.0,50382.41,55315.0,79877.545181,45847.15566666667
2021-10-07,55315.0,55332.31,53357.0,53785.22,54917.37766,46077.872
2021-10-08,53785.22,56100.0,53617.61,53951.43,46160.25785,46341.30933333333
2021-10-09,53955.67,55489.0,53661.67,54949.72,55177.08013,46626.46199999999
2021-10-10,54949.72,56561.31,54080.0,54659.0,89237.836128,46953.39833333333
2021-10-11,54659.01,57839.04,54415.06,57471.35,52933.165751,47363.32033333334
2021-10-12,57471.35,57680.0,53879.0,55996.93,53471.2855,47695.71
2021-10-13,55996.91,57777.0,54167.19,57367.0,55808.44492,48109.919
2021-10-14,57370.83,58532.54,56818.05,57347.94,43053.336781,48451.133
2021-10-15,57347.94,62933.0,56850.0,61672.42,82512.908022,48902.833333333336
2021-10-16,61672.42,62378.42,60150.0,60875.57,35467.88096,49340.75833333333
2021-10-17,60875.57,61718.39,58963.0,61528.33,39099.24124,49815.03666666667
2021-10-18,61528.32,62695.78,59844.45,62009.84,51798.44844,50272.27333333334
2021-10-19,62005.6,64486.0,61322.22,64280.59,53628.107744,50840.23466666667
2021-10-20,64280.59,67000.0,63481.4,66001.41,51428.934856,51606.42766666667
2021-10-21,66001.4,66639.74,62000.0,62193.15,68538.64537,52321.72
2021-10-22,62193.15,63732.39,60000.0,60688.22,52119.35886,52893.207
2021-10-23,60688.23,61747.64,59562.15,61286.75,27626.93678,53440.59
2021-10-24,61286.75,61500.0,59510.63,60852.22,31226.57676,54041.978333333325
2021-10-25,60852.22,63710.63,60650.0,63078.78,36853.83806,54722.24966666666
2021-10-26,63078.78,63293.48,59817.55,60328.81,40217.50083,55294.51333333333
2021-10-27,60328.81,61496.0,58000.0,58413.44,62124.49016,55836.71633333333
2021-10-28,58413.44,62499.0,57820.0,60575.89,61056.35301,56488.361333333334
2021-10-29,60575.9,62980.0,60174.81,62253.71,43973.90414,57179.342333333334
2021-10-30,62253.7,62359.25,60673.0,61859.19,31478.12566,57780.512
2021-10-31,61859.19,62405.3,59945.36,61299.8,39267.63794,58219.11833333333
2021-11-01,61299.81,62437.74,59405.0,60911.11,44687.66672,58661.65866666667
2021-11-02,60911.12,64270.0,60624.68,63219.99,46368.2841,59162.32466666667
2021-11-03,63220.57,63500.0,60382.76,62896.48,43336.09049,59618.04266666666
2021-11-04,62896.49,63086.31,60677.01,61395.01,35930.93314,59948.80999999999
2021-11-05,61395.01,62595.72,60721.0,60937.12,31604.48749,60136.214
2021-11-06,60940.18,61560.49,60050.0,61470.61,25590.57408,60392.39366666667
2021-11-07,61470.62,63286.35,61322.78,63273.59,25515.6883,60703.132333333335
2021-11-08,63273.58,67789.0,63273.58,67525.83,54442.094554,61122.336
2021-11-09,67525.82,68524.25,66222.4,66947.66,44661.378068,61531.958
2021-11-10,66947.67,69000.0,62822.9,64882.43,65171.504046,61778.994
2021-11-11,64882.42,65600.07,64100.0,64774.26,37237.98058,62071.57166666666
2021-11-12,64774.25,65450.7,62278.0,64122.23,44490.10816,62296.74600000001
2021-11-13,64122.22,65000.0,63360.22,64380.0,22504.97383,62531.14800000001
2021-11-14,64380.01,65550.51,63576.27,65519.1,25705.07347,62659.37066666666
2021-11-15,65519.11,66401.82,63400.0,63606.74,37829.37124,62750.40966666667
2021-11-16,63606.73,63617.31,58574.07,60058.87,77455.15609,62701.42766666667
2021-11-17,60058.87,60840.23,58373.0,60344.87,46289.38491,62645.92866666666
2021-11-18,60344.86,60976.0,56474.26,56891.62,62146.99931,62399.62966666667
2021-11-19,56891.62,58320.0,55600.0,58052.24,50715.88726,62134.65733333333
2021-11-20,58057.1,59845.0,57353.0,59707.51,33811.5901,62051.80266666667
2021-11-21,59707.52,60029.76,58486.65,58622.02,31902.22785,61982.92933333334
2021-11-22,58617.7,59444.0,55610.0,56247.18,51724.32047,61814.943666666666
2021-11-23,56243.83,58009.99,55317.0,57541.27,49917.85017,61704.57866666667
2021-11-24,57541.26,57735.0,55837.0,57138.29,39612.04964,61506.562333333335
2021-11-25,57138.29,59398.9,57000.0,58960.36,42153.51522,61460.94733333333
2021-11-26,58960.37,59150.0,53500.0,53726.53,65927.87066,61304.717
2021-11-27,53723.72,55280.0,53610.0,54721.03,29716.99957,61109.555
2021-11-28,54716.47,57445.05,53256.64,57274.88,36163.7137,60943.594000000005
2021-11-29,57274.89,58865.97,56666.67,57776.25,40125.28009,60807.49600000001
2021-11-30,57776.25,59176.99,55875.55,56950.56,49161.05194,60662.52133333333
2021-12-01,56950.56,59053.55,56458.01,57184.07,44956.63656,60538.28666666667
2021-12-02,57184.07,57375.47,55777.77,56480.34,37574.05976,60313.631666666675
2021-12-03,56484.26,57600.0,51680.0,53601.05,58927.69027,60003.784
2021-12-04,53601.05,53859.1,42000.3,49152.47,114203.373748,59595.69933333334
2021-12-05,49152.46,49699.05,47727.21,49396.33,45580.82012,59211.00633333333
2021-12-06,49396.32,50891.11,47100.0,50441.92,58571.21575,58843.38333333333
2021-12-07,50441.91,51936.33,50039.74,50588.95,38253.46877,58420.562000000005
2021-12-08,50588.95,51200.0,48600.0,50471.19,38425.92466,57852.074
2021-12-09,50471.19,50797.76,47320.0,47545.59,37692.68665,57205.33833333334
2021-12-10,47535.9,50125.0,46852.0,47140.54,44233.57391,56613.941999999995
2021-12-11,47140.54,49485.71,46751.0,49389.99,28889.19358,56101.13300000001
2021-12-12,49389.99,50777.0,48638.0,50053.9,26017.93421,55632.18866666666
2021-12-13,50053.9,50189.97,45672.75,46702.75,50869.52093,55042.947
2021-12-14,46702.76,48700.41,46290.0,48343.28,39955.98445,54470.41966666667
2021-12-15,48336.95,49500.0,46547.0,48864.98,51629.181,53979.02766666667
2021-12-16,48864.98,49436.43,47511.0,47632.38,31949.86739,53564.81133333333
2021-12-17,47632.38,47995.96,45456.0,46131.2,43104.4887,53091.02233333334
2021-12-18,46133.83,47392.37,45500.0,46834.48,25020.05271,52755.78433333334
2021-12-19,46834.47,48300.01,46406.91,46681.23,29305.70665,52376.75066666667
2021-12-20,46681.24,47537.57,45558.85,46914.16,35848.50609,51950.30566666667
2021-12-21,46914.17,49328.96,46630.0,48889.88,37713.92924,51625.901
2021-12-22,48887.59,49576.13,48421.87,48588.16,27004.2022,51370.600333333336
2021-12-23,48588.17,51375.0,47920.42,50838.81,35192.54046,51147.185000000005
2021-12-24,50838.82,51810.0,50384.43,50820.0,31661.94946,50936.575333333334
2021-12-25,50819.99,51156.23,50142.32,50399.66,19135.51613,50651.21866666667
2021-12-26,50399.67,51280.0,49412.0,50775.49,22569.88914,50552.850666666665
2021-12-27,50775.48,52088.0,50449.0,50701.44,28779.58212,50418.86433333333
2021-12-28,50701.44,50704.05,47313.01,47543.74,45853.33924,50094.492999999995
2021-12-29,47543.74,48139.08,46096.99,46464.66,39498.87,49717.439999999995
2021-12-30,46464.66,47900.0,45900.0,47120.87,30352.29569,49389.78366666667
2021-12-31,47120.88,48548.26,45678.0,46216.93,34937.99796,49024.21233333334
2022-01-01,46216.93,47954.63,46208.37,47722.65,19604.46325,48732.289333333334
2022-01-02,47722.66,47990.0,46654.0,47286.18,18340.4604,48521.79366666667
2022-01-03,47286.18,47570.0,45696.0,46446.1,27662.0771,48431.58133333333
2022-01-04,46446.1,47557.54,45500.0,45832.01,35491.4136,48312.77066666667
2022-01-05,45832.01,47070.0,42500.0,43451.13,51784.11857,48079.74433333333
2022-01-06,43451.14,43816.0,42430.58,43082.31,38880.37305,47829.523
2022-01-07,43082.3,43145.83,40610.0,41566.48,54836.50818,47532.69933333333
2022-01-08,41566.48,42300.0,40501.0,41679.74,32952.73111,47337.170999999995
2022-01-09,41679.74,42786.7,41200.02,41864.62,22724.39426,47161.30700000001
2022-01-10,41864.62,42248.5,39650.0,41822.49,50729.17019,46909.05700000001
2022-01-11,41822.49,43100.0,41268.93,42729.29,37296.43729,46664.903333333335
2022-01-12,42729.29,44322.0,42450.0,43902.66,33943.2928,46571.567
2022-01-13,43902.65,44500.0,42311.22,42560.11,34910.87762,46378.79466666666
2022-01-14,42558.35,43448.78,41725.95,43059.96,32640.88292,46185.294
2022-01-15,43059.96,43800.0,42555.0,43084.29,21936.05616,46033.691
2022-01-16,43084.29,43475.0,42581.79,43071.66,20602.35271,45931.70633333333
2022-01-17,43071.66,43176.18,41540.42,42201.62,27562.08613,45777.27766666666
2022-01-18,42201.63,42691.0,41250.0,42352.12,29324.08257,45632.974
2022-01-19,42352.12,42559.13,41138.56,41660.01,31685.72159,45457.835666666666
2022-01-20,41660.0,43505.0,40553.31,40680.91,42330.33953,45184.20333333333
2022-01-21,40680.92,41100.0,35440.45,36445.31,88860.891999,44779.441666666666
2022-01-22,36445.31,36835.22,34008.0,35071.42,90471.338961,44253.861999999994
2022-01-23,35071.42,36499.0,34601.01,36244.55,44279.52354,43768.013666666666
2022-01-24,36244.55,37550.0,32917.17,36660.35,91904.753211,43310.03666666667
2022-01-25,36660.35,37545.14,35701.0,36958.32,49232.40183,42849.46433333333
2022-01-26,36958.32,38919.98,36234.63,36809.34,69830.16036,42386.39433333334
2022-01-27,36807.24,37234.47,35507.01,37160.1,53020.87934,42040.27300000001
2022-01-28,37160.11,38000.0,36155.01,37716.56,42154.26956,41748.66966666666
2022-01-29,37716.57,38720.74,37268.44,38166.84,26129.49682,41450.202000000005
2022-01-30,38166.83,38359.26,37351.63,37881.76,21430.66527,41172.363
2022-01-31,37881.75,38744.0,36632.61,38466.9,36855.2458,40863.837999999996
2022-02-01,38466.9,39265.2,38000.0,38694.59,34574.44663,40577.45166666667
2022-02-02,38694.59,38855.92,36586.95,36896.36,35794.6813,40259.127
2022-02-03,36896.37,37387.0,36250.0,37311.61,32081.10999,39975.113666666664
2022-02-04,37311.98,40600.0,37026.73,40341.65,50454.94893,39871.46433333334
